Country Name,Country Code,1991,1992,1993,1994,1995,1996,1997,1998,1999,2000,2001,2002,2003,2004,2005,2006,2007,2008,2009,2010,2011,2012,2013,2014,2015,2016,2017,2018
Aruba,ABW,,,,,,,,,,,,,,,,,,,,,,,,,,,,
Afghanistan,AFG,,,,,,,,,,,106.8145047,169.8866143,178.7278286,196.2033073,225.8024087,245.1504347,331.3311468,331.2333936,395.5745372,486.9881116,535.3402774,590.4674934,559.2339402,548.5370949,494.3016296,489.7847414,,
Angola,AGO,461.8442615,2.128149855,7.18168832,-51.5616455,45.56075769,74.23337232,109.3019068,140.5562043,15.42949424,-15.04187229,83.42821067,224.8884992,267.7905839,281.2759143,226.4059786,453.7575313,629.2704433,251.732843,902.6093382,1095.241414,1217.678006,1486.53816,1854.945538,2090.854918,2062.99344,1777.44841,,
Albania,ALB,290.3006411,175.5259872,341.923968,571.3529041,717.6025496,1000.438491,705.1624706,820.012269,1042.310201,1120.14233,1265.039627,1369.505677,1784.39647,2274.730598,2535.164806,2838.874385,3343.591615,3961.319155,3622.890286,3530.054028,3850.766176,3641.192766,3866.501647,3937.222372,3458.725714,3606.903851,,
Andorra,AND,,,,,,,,,,,,,,,,,,,,,,,,,,,,
Arab World,ARB,1610.794946,1742.014674,1708.213655,1681.297741,1772.525981,1904.215638,1986.563394,1943.168047,2007.063353,2138.10648,2103.352794,2087.465437,2244.371197,2539.108659,2943.748444,3434.308268,3994.852829,4820.6813,4242.503998,4783.437423,5429.710322,5847.78484,5920.747721,6043.694139,5443.483725,5182.501036,,
United Arab Emirates,ARE,,,,,,,,,,,28946.56528,28041.96463,29435.28173,32144.28426,33469.94484,36411.61276,37531.39856,38831.06282,28504.9511,31812.97543,36076.38284,37502.56708,39176.95197,40199.43283,36198.91235,34579.66959,,
Argentina,ARG,5082.627516,6158.889787,6329.504739,6765.440571,6616.088909,6853.529257,7113.064468,7181.074054,6644.337287,6520.19342,6073.20257,1929.413754,2623.057437,3412.951267,4170.523921,4867.422377,6076.359978,7546.595522,6922.963679,8751.992106,10930.02742,11189.26628,11216.58141,10536.78314,11728.03506,10729.86488,,
Armenia,ARM,,,,,,,470.7703643,,,539.6935216,606.0076707,682.849075,815.8932442,1047.910412,1475.618612,1959.619521,2886.462806,3741.633093,2723.483014,2918.110539,3143.545827,3280.341004,3514.236835,3589.730537,3173.764425,3087.80998,,
American Samoa,ASM,,,,,,,,,,,,,,,,,,,,,,,,,,,,
Antigua and Barbuda,ATG,,,,,,,,,,,,,,,,,,,,,,,,,,,,
Australia,AUS,14677.23613,14505.16418,13988.9959,14446.74279,16123.75952,17415.24611,18699.15821,17037.83015,16389.7988,17075.28178,15460.89236,15978.51909,18733.2653,24188.98334,26373.8515,27718.12127,30947.38261,37468.94844,33066.27603,39898.81568,47596.45431,52383.77787,52646.40155,47779.62345,44026.95589,38859.32258,,
Austria,AUT,18911.50006,21001.67752,20253.93732,21552.47825,25393.19088,25033.96993,22289.81023,22793.871,22351.69978,20343.70917,20129.68136,21823.91938,26670.99073,30566.14259,31853.4044,33972.02796,39120.49479,43481.22452,39513.90033,39008.18009,42588.85128,39997.00016,41697.6759,42397.79623,35926.94511,36635.90191,,
Azerbaijan,AZE,,,,,,,,450.5810798,408.3528168,358.2568618,435.2048239,550.7757848,643.9447026,738.0923032,944.2377909,1322.077303,2048.954751,3307.213068,3405.003948,3920.787338,4639.036392,5151.252263,5774.793989,6106.651009,4478.772902,2874.761195,,
Burundi,BDI,151.4479952,134.5649997,113.8938319,106.1713408,101.2307105,79.31931672,95.66752666,83.27773803,87.97270461,96.87487728,86.48392634,72.45041284,47.89412899,65.39179479,84.44038286,101.478384,90.89441984,104.2494517,114.0856727,146.8217194,166.0249831,190.1259639,205.5235575,232.1525767,217.507403,201.7006078,,
Belgium,BEL,18165.57385,20133.89384,19341.99386,21211.99274,24706.34349,23876.76311,21588.48067,21983.91562,21795.68686,19909.35788,19603.3882,21195.69233,25914.54229,29889.28005,30897.31463,32397.5374,36996.74767,40502.6465,36229.76261,37235.18674,38914.50255,37016.7462,38156.63714,38455.06984,32465.9008,33307.82187,,
Benin,BEN,341.124436,272.34671,358.0736549,235.6431597,309.2995115,321.6658621,298.2973946,315.4836051,337.7615606,315.5987387,320.3320386,355.0064801,440.6639937,498.0926034,517.4235682,534.0922979,598.251976,697.5054499,668.8030935,637.3324269,697.1910401,702.2339721,765.8471086,789.7306315,655.3282937,656.8480076,,
Burkina Faso,BFA,308.5880038,210.9061056,214.4328164,164.4609447,199.055087,213.5935552,195.8303871,218.8093738,238.561691,205.9448406,214.7235358,238.23243,302.797157,333.0532679,360.5943472,372.3292803,411.5941779,484.388182,460.7097828,454.6326324,500.947465,517.3814354,541.5344086,534.5250763,414.9702197,455.1429818,,
Bangladesh,BGD,267.1672085,268.0139275,275.2558592,275.433394,302.6070439,360.8674455,368.2744211,374.1537015,376.8836141,384.8833406,380.7278359,382.7456655,413.5135713,441.9128798,463.649568,472.5038319,521.8356013,601.6744913,669.6691423,745.5683099,819.295655,844.3153987,936.8745548,1052.568076,1173.701486,1310.147752,,
Bulgaria,BGR,953.416122,1027.871396,1077.764368,997.570264,1350.497531,1049.691615,1201.395895,1520.982805,1359.288169,1356.427733,1536.096546,1847.66386,2357.318871,2924.887065,3318.319867,3704.607827,4634.186657,5974.134123,5802.643819,5580.350044,6348.5047,6166.983226,6391.005104,6563.615172,5797.339762,6326.075104,,
Bahrain,BHR,8125.212433,7846.140071,7991.525274,8329.642532,8910.468445,9133.957879,8910.906753,8581.431606,8619.896165,11490.88384,10680.01117,10772.78254,11896.05093,13356.98194,15457.08645,16666.04746,18387.62578,19699.67369,15398.51324,16772.50217,17231.37658,17800.8709,18595.28324,17677.63418,19133.78273,18906.70514,,
"Bahamas, The",BHS,10631.83268,10753.12755,10296.34144,10580.58763,13135.46537,14944.99526,15761.75183,17397.46005,18967.394,19493.13055,19709.07999,20641.33703,20257.47894,20243.10041,21332.29232,21434.33563,22010.29822,21739.26845,20039.73021,19702.64889,19385.31679,26250.40882,25507.69552,25175.36885,25421.23455,24603.44141,,
Bosnia and Herzegovina,BIH,,,,250.1513916,392.345695,653.2835389,875.9917317,1261.533914,1378.477132,1535.109088,1575.009927,1785.647321,2197.431468,2559.1524,2826.941838,3188.464362,3823.543667,4665.769962,4316.488722,4106.108982,4402.58328,4068.267369,4416.739575,4520.222856,3968.588752,4130.211149,,
Belarus,BLR,,1437.199352,1377.106164,1152.209808,1063.911979,1140.498511,1113.188642,1235.300538,1001.308673,1076.877169,1063.709974,1288.605471,1613.540029,2124.235399,2795.051735,3429.683697,4205.745094,5684.19513,4561.687932,5364.951313,5802.182087,6169.451771,7005.548989,7335.552642,5170.602471,4297.007633,,
Belize,BLZ,2122.440232,2421.737728,2573.607774,2614.37732,2735.370089,2740.450881,2711.31089,2723.097469,2727.463539,2664.127496,2657.044954,2781.479284,2811.262583,2849.352001,2944.456038,3038.585775,3010.324122,3006.606998,3131.311036,2984.17016,3220.028656,3386.519104,3435.408215,3616.47032,3799.852311,3676.390327,,
Bermuda,BMU,,,,,,,,,,,,,,,,,,,,,,,,,,,,
Bolivia,BOL,668.203047,700.9871249,699.6101,720.1939401,793.9906472,865.5182409,906.3976612,964.4129886,905.4103996,878.8133371,843.0844039,805.4080466,797.0955824,819.0718612,846.4411293,961.7265486,1063.340964,1379.241132,1452.926703,1588.682051,1833.53147,1985.488624,2210.85072,2355.333949,2484.49573,2528.416882,,
Brazil,BRA,3405.089534,2237.516178,2390.672671,2946.543643,4131.728003,4453.803509,4520.750648,4292.057262,2891.050302,3106.686891,2613.256589,2339.05134,2537.941442,2992.162371,3926.943416,4806.548114,5959.909673,7074.714332,7067.617545,9348.34907,10958.89728,10326.03682,10403.02574,10151.54307,7460.856524,7352.156644,,
Barbados,BRB,6823.630479,6704.134156,6971.475657,7313.359817,7550.179053,8012.352011,8443.871954,9515.086223,9866.845221,10143.33552,10070.42149,10186.91102,10465.69543,11067.64106,12077.47655,12896.56375,13843.19969,13945.35463,13526.96527,13796.18079,13598.25827,13943.50754,13827.85988,13770.25978,13618.16642,13396.92647,,
Brunei Darussalam,BRN,10841.33094,11972.26938,11425.71434,11154.23986,12562.25424,13181.90979,13205.813,10518.17606,11146.05096,12758.78047,12328.91265,13121.45196,14237.76728,16314.50432,18309.94182,21457.76028,24708.07224,28210.66203,22196.89945,26986.31109,32317.71757,33825.00956,33921.88585,32949.55001,27860.13618,24809.20786,,
Bhutan,BTN,374.4881791,365.5336162,355.8320851,433.8800607,455.1872382,478.6078943,566.0197329,524.8041675,549.7376855,691.7648122,734.7154882,797.1572971,884.7040507,974.2946459,1119.245565,1204.108241,1537.661603,1561.28301,1521.717516,1819.062355,2045.177633,1991.577434,1963.039645,2090.299449,2111.908139,2199.245689,,
Botswana,BWA,2453.398406,2538.383871,2594.173254,2249.800905,2556.127583,2444.386326,2586.381332,2591.835022,2710.414769,2756.20648,2727.038477,2312.123418,2977.459351,3401.097102,3879.613731,3761.713166,3977.023927,3927.337842,3590.181833,4584.725307,5998.170866,5477.9511,5266.123678,5683.762088,5054.856567,5319.268914,,
Central African Republic,CAF,412.6581354,412.1764767,362.166244,235.7201205,303.3771994,263.6764355,242.7349719,245.6690898,251.0795168,223.6954416,224.977054,234.5565733,266.1884271,289.8118616,301.2658002,322.8337751,366.6922185,416.4112721,409.3522569,405.9188569,444.8297818,427.9366389,275.792659,313.5274499,281.7643892,299.1270511,,
Canada,CAN,17266.09769,16412.08309,15875.58673,15755.82027,16369.31725,16699.82668,17310.75775,16622.67187,17581.02414,18987.38241,18601.39724,19232.17556,22739.42628,25719.14715,29198.05569,32738.2629,36144.48122,37446.48609,32755.17682,38420.52289,42334.71121,42665.25597,42676.46837,41039.8936,35175.18898,34229.19363,,
Central Europe and the Baltics,CEB,,,1859.772686,2235.265705,2798.841729,3010.631194,3002.457469,3313.82561,3190.199537,3189.084439,3514.12713,3974.413136,4747.792608,5680.465541,6715.028052,7581.694955,9545.246724,11710.77695,9814.745913,10046.19131,11074.23843,10424.08253,11032.92827,11443.07991,9999.404995,10143.0968,,
Switzerland,CHE,30926.86652,31653.64996,30841.16579,33736.23207,39974.43114,38566.96641,34286.39717,35411.83445,34727.70702,32689.68954,32046.60083,33646.8322,40810.59414,45285.44225,47966.28164,49969.16846,50933.33761,52736.55803,56190.25973,63545.1998,71216.58907,68151.60803,69239.99927,68975.18929,66815.6885,63377.62595,,
Channel Islands,CHI,,,,,,,,,,,,,,,,,,,,,,,,,,,,
Chile,CHL,2159.468414,2656.202513,2868.260085,3223.217618,4108.210113,4303.545598,4646.476943,4511.624527,4000.475187,4026.499091,3688.876303,3586.725909,3708.429785,4501.593266,5456.778969,6030.128683,6822.999575,7468.454107,7428.571049,9191.857509,10635.15936,11484.20948,12058.79192,11349.82989,10725.58664,10860.15443,,
China,CHN,290.5326683,322.6211241,328.8558344,433.5767591,548.5872419,634.7849629,700.8559739,735.8342736,771.4299453,836.8318337,915.0874564,1006.278613,1128.268345,1298.870097,1488.339614,1772.994629,2256.343123,2809.237884,3192.419187,3670.49174,4382.443555,5007.502476,5520.334252,6064.120073,6352.626327,6309.001584,,
Cote d'Ivoire,CIV,669.4729037,698.7066344,666.598495,501.4033951,650.0703949,704.8385866,674.4460761,721.2123648,684.9483692,547.9893812,553.5255195,590.7727954,696.434671,771.5008722,830.1603097,829.9331234,946.0524815,1100.602702,1104.223249,1102.77322,1073.396017,1135.53436,1280.714333,1457.573376,1320.050528,1406.311247,,
Cameroon,CMR,852.2413298,757.6493782,1029.114626,669.0636233,591.7261536,618.0602055,618.9078887,615.7043812,625.3867228,513.6427855,524.866123,578.9543412,734.5373578,861.4965324,843.1374587,890.6815487,986.6790814,1109.900387,1132.438228,1083.684185,1166.297325,1112.605904,1206.355205,1299.661555,1141.000777,1147.990182,,
"Congo, Dem. Rep.",COD,192.5073664,174.8304837,222.7947762,105.1060996,97.36549722,105.1930465,109.4639893,109.824013,78.92729418,335.4829798,122.5974799,142.3678067,139.4293178,154.8488172,171.0778281,182.5299215,194.5960588,210.9201547,197.6609344,227.6536776,239.5048315,265.7267308,293.1247636,317.4481609,345.7129665,331.9769405,,
"Congo, Rep.",COG,463.1170288,507.7502448,184.7785166,228.0954423,71.94650336,72.91130187,148.1212413,232.4351503,132.0035339,67.43830302,139.6586227,199.7820683,284.706883,226.2914134,118.5968852,71.90918078,310.1970571,502.8055055,630.0841181,510.5479731,310.8824289,456.5583611,801.9341358,1019.359399,1114.34038,900.8803572,,
Colombia,COL,978.069368,1166.440942,1322.545994,1949.408524,2154.1415,2181.56548,2356.723414,2150.799168,1795.399244,2007.341885,1974.360077,1931.60971,1812.686478,2201.281478,2699.821776,2936.431593,3732.661895,4269.024533,4158.912948,4986.449737,5574.162914,6163.536455,6341.800862,6297.218084,5033.500039,4820.328527,,
Comoros,COM,514.3825438,548.2830409,521.2050217,350.0014606,433.793597,414.1093924,373.6498628,363.3531578,369.9121178,329.375364,352.4236924,384.6739706,477.8035053,541.0019182,546.4733118,569.1559379,635.3271227,697.1860846,679.3595437,679.2656867,740.897679,707.728029,756.682723,778.2006616,666.2781844,716.0222934,,
Cabo Verde,CPV,754.7163116,825.7015214,1111.605795,907.8535312,1017.938629,1043.313303,977.5951086,1026.617448,1155.860389,1015.064292,1054.12774,1119.725033,1449.61899,1619.494656,1617.736908,1793.656823,2488.565294,2867.653941,2682.417536,2504.829928,2790.987746,2540.035238,2585.151965,2602.397711,2201.208052,2178.452293,,
Costa Rica,CRI,2028.067279,2356.927411,2578.403444,2779.866653,2955.758933,2932.138182,3088.130417,3245.926328,2976.728225,3384.655426,3539.441913,3614.694308,3708.715663,3953.545436,4211.706213,4735.303287,5552.425736,6321.029832,6141.526112,7373.219044,8270.957192,9011.537203,9486.740664,9504.345267,10169.66813,10441.63356,,
Caribbean small states,CSS,2322.917465,2287.291891,2441.579571,2553.365799,2902.301597,3175.057613,3425.724583,3798.286158,3920.477996,4089.89257,4187.82672,4389.997503,4596.970207,5070.248101,5528.46491,6081.83189,6765.509215,7695.568837,6535.258038,7083.502483,7138.771774,7630.367099,7860.392151,7825.646655,8020.206584,7517.975068,,
Cuba,CUB,1999.041941,1816.74273,1838.363007,2324.915938,2434.308074,1980.727297,1998.5967,2026.759555,2212.427369,2351.480267,2450.439374,2594.828062,2770.693545,2922.995713,3262.328185,4038.75275,4356.384049,4573.175174,4675.60005,4803.673809,5150.745586,5475.437405,5791.98897,,,,,
Curacao,CUW,,,,,,,,,,,,,,,,,,,,,,,,,,,,
Cayman Islands,CYM,,,,,,,,,,,,,,,,,,,,,,,,,,,,
Cyprus,CYP,8502.086271,9876.126524,9209.454905,10134.09668,12612.62289,12480.1063,11835.06718,14002.24491,12940.23551,12056.98989,12501.40935,13836.4404,17390.64158,20414.09803,21593.21277,23100.4362,27447.18186,30707.5996,27977.82256,26213.04254,28350.81525,24520.51543,23000.01511,22692.85606,20204.88641,19781.56991,,
Czech Republic,CZE,,,3095.427482,3625.628179,4496.748704,5040.87518,4582.581295,4932.119033,4758.232083,4508.110645,4926.965517,5968.491445,7290.524354,8654.307557,9957.420748,11167.46717,13473.42444,16506.80552,14055.96354,14052.99286,15359.37102,14203.59613,14308.53317,,,,,
Germany,DEU,19831.92091,22380.58914,21438.6874,22713.76761,26520.51922,25525.6527,22511.26137,22666.47994,22157.51587,19579.49891,19492.1622,20616.34812,24891.97346,28579.76626,29054.0424,30908.89167,35363.00152,38228.39627,34992.91993,35136.96524,39716.36333,37201.94023,39224.36542,40440.41913,34795.64069,35517.59898,,
Djibouti,DJI,754.5488745,769.9534817,756.8812613,763.4894231,765.5070187,731.2320771,722.5160296,709.4294526,729.6803152,735.8269959,740.9870012,753.3694158,827.2360281,884.0248089,921.4016446,,,,,,,,,,,,,
Dominica,DMA,2307.232281,2467.647648,2593.301365,2723.473975,2812.093284,2909.715798,3063.926317,3276.077534,3275.242694,4016.809797,4252.179222,4137.129643,4287.386832,4490.239871,4445.655444,4861.88068,5155.707406,5618.485294,5907.722883,5977.210413,5816.064345,5413.279574,5416.245284,5674.979375,5691.329158,6089.319441,,
Denmark,DNK,21740.01551,23957.52631,22393.97355,24525.62199,29081.194,29287.39804,26861.03919,27454.28035,27488.72411,24760.58202,24904.36659,26870.48433,32800.68937,38159.93202,40185.3825,43160.01577,47972.02519,52254.46688,47601.99159,48078.04986,51336.79878,48758.08713,51911.26527,53696.20432,45583.10194,45727.88997,,
Dominican Republic,DOM,1212.336933,1394.143894,1536.037932,1706.001156,1874.675601,2070.69329,2208.462836,2351.064471,2353.981992,2539.97625,2604.573859,2703.484383,2026.620418,2049.614867,3267.53529,3400.811638,4089.085158,4579.156844,4556.190691,4996.474133,5235.771485,5408.73482,5363.774425,5569.050304,5800.164684,5976.007944,,
Algeria,DZA,1421.799715,1511.051566,1511.348272,1252.684806,1196.879516,1280.552808,1332.610467,1348.744785,1309.133377,1420.982192,1435.382385,1451.176228,1678.277605,2031.088981,2289.3062,2555.159283,3022.933804,3767.579583,3121.216402,3644.312028,4312.861225,4418.975672,4350.827761,4342.420307,3396.913441,3104.118296,,
East Asia & Pacific (excluding high income),EAP,380.1860451,421.9628004,456.5248683,559.5141353,675.3666283,762.6587437,781.7534817,704.744825,762.9307469,823.3067767,857.2811655,948.1173158,1061.853871,1203.318286,1363.839269,1624.559066,2030.195023,2486.256501,2750.935144,3227.028471,3808.372881,4270.147117,4636.035768,4999.422592,5168.593814,5175.45055,,
Early-demographic dividend,EAR,778.8402348,844.8922755,916.8868055,943.40372,935.136949,996.9127152,1051.038264,1026.690404,1058.864107,1112.52611,1081.160876,1033.548822,1126.289413,1283.172733,1460.509182,1641.703634,1943.331873,2136.551239,2077.408952,2472.054915,2708.003341,2784.972128,2802.010783,2886.800469,2798.869295,2803.639362,,
East Asia & Pacific,EAS,2340.62274,2496.168709,2757.856451,3057.45139,3453.823427,3290.978426,3089.388041,2706.623425,2996.008637,3216.797332,2964.577698,2996.899992,3293.643184,3669.575115,3868.447677,4080.955807,4544.747438,5139.526485,5326.68646,6150.113935,7004.747527,7515.683733,7522.230599,7732.435261,7654.953882,7783.245528,,
Europe & Central Asia (excluding high income),ECA,,1329.033282,1319.763168,1101.353718,1208.828844,1337.3087,1432.785829,1419.709345,1238.472207,1387.440373,1356.996841,1558.677817,1969.317511,2650.82386,3351.112835,4115.18556,5430.450157,6664.890099,5201.496642,6237.067455,7616.759096,8011.400081,8500.136,7874.91761,6084.125321,5709.589616,,
Europe & Central Asia,ECS,8763.068807,9500.095393,8655.105211,9095.060841,10438.26,10696.87843,10179.12768,10519.31058,10402.94114,9766.893742,9801.538392,10661.09415,12982.06602,15153.93772,16076.29802,17315.43786,20111.68852,21716.10835,18999.68994,19504.22494,21466.89157,20514.29516,21347.21335,21512.06865,18461.03564,18252.43183,,
Ecuador,ECU,1302.344497,1396.192241,1444.32753,1694.716275,1767.650331,1753.760709,1966.657307,1934.299197,1250.714199,1070.481079,1524.27293,1787.955601,1960.640674,2090.351907,2264.049919,2464.428168,2634.054486,3263.527529,3449.233373,3683.597336,4083.63702,4539.552974,4869.471137,5113.108374,5101.469859,4937.909444,,
"Egypt, Arab Rep.",EGY,526.1006171,587.9939123,647.2178787,729.0458959,833.5195904,917.7329057,1071.182381,1167.040601,1197.556941,1284.336876,1263.108617,1093.918752,994.8582002,904.607157,980.0266761,1163.742992,1404.660271,1675.276548,2012.341593,2226.879758,2284.189669,2693.433294,2732.426515,2862.431588,3183.980788,3126.719992,,
Euro area,EMU,16574.8923,18176.38976,16512.48158,17354.98682,20018.06333,20232.99441,18468.72465,18911.29682,18796.91615,17037.09088,17157.00357,18468.63165,22690.92778,26049.09474,26833.23619,28449.43036,32471.45541,35027.80102,31776.20635,31157.45297,33628.36293,31001.94958,32227.24062,32788.91267,28136.36359,28768.42784,,
Eritrea,ERI,,,130.9930575,148.4042552,156.7176715,182.3138462,178.600786,194.3651798,181.3988131,178.3404771,184.3735939,173.5313731,197.4215669,246.2899017,240.735049,261.8275094,275.6042915,278.2773549,376.3830453,422.9302236,433.3617799,,,,,,,
Spain,ESP,12791.06335,13909.71819,11493.00899,11383.21206,13340.93908,13787.23393,12619.63765,13217.18076,13501.11781,12622.88177,13068.28222,14475.71267,18302.55252,21081.68397,22208.2293,23712.55334,26957.61721,29066.02447,26435.15242,25125.2325,25752.42571,23234.80328,23841.81181,24244.16587,21197.2303,21836.00389,,
Estonia,EST,,,,,,,,,,3405.872605,3743.87237,4407.963441,5881.278123,7259.771537,8608.35112,10332.18424,13322.16815,14574.16854,11779.59222,11456.55768,13948.83105,14045.83418,15614.61215,16250.93293,14031.63889,14570.40909,,
Ethiopia,ETH,236.4647856,170.4806744,138.6013389,95.82135246,93.30517254,104.3891878,102.606015,85.78354274,93.30281183,97.01213366,94.59303975,81.09545304,72.4253277,92.38948008,116.616682,143.1588719,175.3932832,243.9651901,286.684649,258.8923602,263.5695613,351.9681598,375.9444807,432.5521467,482.5649109,522.8082799,,
European Union,EUU,13878.03557,15095.00492,13657.80241,14526.06469,16682.45195,17039.08958,16117.77859,16725.35749,16640.54104,15433.25623,15512.37722,16806.33545,20408.49687,23580.98244,24569.95148,26097.58309,29948.43407,31774.39955,28159.50506,28074.02851,30325.44425,28375.30654,29473.18629,30346.02624,26551.84406,26614.18435,,
Fragile and conflict affected situations,FCS,,,,,,,,,,,,419.1564192,448.9418989,508.3821203,595.5449532,674.1366277,835.0706205,1063.270979,1017.078711,1148.905692,1228.971359,1316.335314,1334.771439,1427.777515,1284.924759,1193.645649,,
Finland,FIN,19447.25188,16732.27867,13116.67258,15463.93333,20763.05991,20572.8299,20036.75314,21120.61178,21508.75681,19990.31173,20653.92082,22317.93983,26960.6456,31382.62204,32253.89832,34239.89861,40016.77426,43814.88662,38473.83886,38004.84294,41400.79917,38447.28938,40167.71737,40694.91148,34699.89787,35599.95265,,
Fiji,FJI,1615.806441,1766.049113,1873.472089,2016.276834,2218.378494,2393.433771,2285.849536,1767.050527,2046.165334,1866.34315,1798.407796,2061.978614,2548.702717,3028.218316,3382.82202,3269.257095,3644.623019,3745.81965,3073.447005,3221.28761,3686.372489,3818.902124,4136.444051,4217.076917,4131.984274,4353.991443,,
France,FRA,18452.69755,20332.00255,19101.10995,20049.17184,23000.12161,23117.41114,20955.47546,21668.49125,21565.37302,19461.75502,19450.22823,20723.68374,25370.13118,28989.06782,29858.36279,31271.29466,35578.56437,38593.13167,34943.60285,34316.34365,37000.22989,34042.09986,35465.64535,35823.71835,30555.56233,30815.89693,,
Faroe Islands,FRO,,,,,,,,,,,,,,,,,,,,,,,,,,,,
"Micronesia, Fed. Sts.",FSM,,,,,,,,,,,,,,,,,,,,,,,,,,,,
Gabon,GAB,3005.194817,2808.442843,1846.855466,1905.899991,2180.932556,2280.413099,2146.335694,2357.588145,2098.103056,1632.828814,2174.430963,2506.438771,3019.79473,3059.30373,3586.856782,3647.863998,3990.631521,4546.377243,4493.46964,4509.270505,4970.009561,4929.373865,5298.872844,6149.64139,5213.817155,5067.019794,,
United Kingdom,GBR,16821.31024,17619.54555,15857.67021,17390.36112,18929.51592,19899.41381,22401.15621,24346.8427,24369.85552,24130.68062,23724.12946,25857.82166,29716.90309,34862.90138,36607.65918,38128.39097,43296.22749,40132.92607,32747.35955,33828.0071,35967.99075,35699.95703,36300.13073,39483.70879,37445.54599,34167.08679,,
Georgia,GEO,,,,,,,,764.7253716,587.2222162,644.2127195,660.8207638,697.2876748,824.9893689,1100.266047,1392.310138,1726.055025,2254.827024,2824.459366,2400.608881,2536.376962,3148.743338,3621.873753,3712.354971,3904.713718,3250.060804,3252.226718,,
Ghana,GHA,406.1078629,378.7797231,324.0218391,280.7005211,327.0963531,340.2685248,336.0760421,354.013974,368.1551134,223.5260533,231.3230856,257.9809765,296.0358492,339.6783014,402.839923,763.0538201,878.9900993,968.2842242,838.3300015,992.3857034,1116.138483,1078.600205,1234.522351,897.6137402,874.5849703,952.5847209,,
Gibraltar,GIB,,,,,,,,,,,,,,,,,,,,,,,,,,,,
Guinea,GIN,393.2724961,420.0003623,407.4826488,396.9421017,393.45575,400.9742631,392.6166989,361.3930916,347.6235551,290.9697324,266.0302975,272.1664637,276.1970272,297.9532187,223.0103349,329.4063423,494.795589,503.1612011,457.2648461,457.4658275,430.6606649,461.7140538,534.7067164,552.5203966,532.9799359,463.9623429,,
"Gambia, The",GMB,606.2436963,604.2724785,618.3819668,592.6786266,603.155064,632.3776773,573.2969433,579.4830971,546.692183,506.9944362,426.7819438,334.6082306,267.1817756,320.9545591,331.6089808,329.6982001,383.5045799,444.5682063,394.5944935,405.4965087,348.6734965,333.604605,325.4983251,293.8836005,305.4334251,318.7901699,,
Guinea-Bissau,GNB,219.5916527,186.4606966,191.098153,186.2683125,190.4857339,198.0846591,196.0776666,138.8175495,153.8420149,262.2398555,270.0252607,282.8071677,306.2555827,340.146682,366.3785756,361.7676052,404.3756379,483.2722843,445.0927091,459.4986139,596.5932328,503.9285283,504.3357736,536.2931657,481.935018,496.1643704,,
Equatorial Guinea,GNQ,256.6186866,305.8412812,253.867335,168.1839959,176.660754,270.5725899,222.121807,236.7051804,105.563176,,,,,,,1725.206487,4287.731365,5390.37681,4972.052229,2930.218262,4094.783199,4598.915358,5438.137375,6111.873722,4631.198156,3983.823384,,
Greece,GRC,9161.307654,10064.8104,9333.980301,9943.098885,11575.62782,12124.55322,11806.00247,11777.63858,11370.97316,10528.09684,10951.81894,12242.12075,15753.59559,18572.90887,19305.06064,20761.3621,23873.03972,26182.9617,24321.6775,21816.31615,20535.86226,18054.56315,17595.20834,17755.50337,14620.27469,14275.27238,,
Grenada,GRD,,,,,,,,,,,,,,,,,,,,,,,,,,,,
Greenland,GRL,,,,,,,,,,,,,,,,,,,,,,,,,,,,
Guatemala,GTM,881.1887979,958.0563875,1027.084484,1137.328576,1251.674831,1302.839309,1443.168982,1544.419178,1407.419456,1435.410556,1408.53171,1513.191889,1555.318007,1654.746338,1826.169015,1956.967178,2133.191208,2371.943846,2230.445336,2361.934751,2652.640491,2773.843101,2909.88452,3082.311989,3302.934784,3486.993883,,
Guam,GUM,,,,,,,,,,,,,,,,,,,,,,,,,,,,
Guyana,GUY,314.9002616,370.1567024,488.699927,623.921635,730.5426735,832.9586959,860.5224974,828.436016,820.2769702,849.279221,818.7919725,858.5848803,884.6656467,854.0954992,993.2640324,1925.699861,2278.043718,2404.953499,2534.365238,2670.881118,2904.600952,3124.526546,3302.401185,3527.199607,3628.251884,3949.419208,,
High income,HIC,16120.30267,17217.95936,17127.68805,18261.31787,20101.37393,20198.19455,19804.3987,19886.23889,20637.68446,20871.0117,20541.78244,21081.21886,23524.58602,26068.95993,27366.47532,28793.34629,31040.66096,32306.0513,30052.9552,31571.92608,33981.94174,33913.76625,34079.703,34621.09827,32702.15122,32990.46472,,
"Hong Kong SAR, China",HKG,,,,,,,,,,,,,,,,,,,,,,,,,,,,
Honduras,HND,502.3421266,542.3696641,566.6507734,543.9903348,592.4283492,598.6097284,686.7337657,753.1733598,764.4550993,990.4508968,1026.18957,1023.210708,1039.48576,1081.826642,1167.42805,1269.4105,1434.741571,1569.548079,1612.022973,1695.727965,1852.615321,1881.029119,1829.354398,1895.809771,2019.976905,2049.157909,,
Heavily indebted poor countries (HIPC),HPC,318.1454585,292.7333339,292.9927408,233.0485289,254.7575257,275.3137309,279.4458037,285.435319,281.7438796,288.4857538,263.3215688,275.6953195,298.2631079,330.2442264,365.677561,412.7980815,472.8665166,550.5932856,556.3692761,577.1297033,622.5055624,646.4365871,659.2559454,720.2041639,699.1850345,685.7994693,,
Croatia,HRV,,,,,4023.419216,4423.969562,4395.501337,4756.890523,4229.642405,4034.772808,4215.308012,4967.270302,6247.218558,7595.231346,8460.31179,9359.599181,11209.74974,13019.49416,11341.05032,10885.31936,11781.27703,10697.28618,11164.43134,11101.3359,9681.344737,9685.729067,,
Haiti,HTI,,,,,,354.8897096,400.8945967,438.5796198,483.0775484,455.5097824,404.1171624,381.0949222,317.8581627,372.6468484,444.4553972,483.4732079,587.9897551,640.8350198,635.9825495,625.4693846,703.9064743,729.1454175,766.0837643,782.5089418,766.2347292,693.8855852,,
Hungary,HUN,,,3094.944927,3324.437955,3456.028006,3439.563611,3459.772049,3600.000121,3597.246017,3507.796558,4044.787359,5183.79312,6630.525719,8081.191856,8787.796214,8963.115279,10670.456,12121.17631,10024.61651,10030.04468,10820.39217,9907.308477,10791.43549,11075.52077,9650.375043,9991.238563,,
IBRD only,IBD,805.9065458,814.4415002,875.5163765,967.3304518,1072.799251,1168.987503,1227.522954,1187.835415,1138.563882,1213.298287,1215.717543,1223.641342,1357.621676,1587.547802,1860.013028,2170.930157,2690.384695,3149.5631,3096.598136,3685.285994,4241.034739,4478.246457,4677.212696,4816.527976,4533.332835,4469.123504,,
IDA & IBRD total,IBT,706.9086377,710.3109835,755.2859037,823.2901854,912.766896,993.3149872,1038.847931,1004.940577,964.6182863,1023.819585,1020.926567,1028.428266,1137.928477,1324.862002,1543.414656,1799.212559,2213.147682,2584.919611,2537.235806,3023.000305,3459.221695,3645.773742,3801.438736,3920.469538,3689.542188,3622.243707,,
IDA total,IDA,312.6776939,299.5690676,281.4060005,254.4903273,289.7142388,318.2099129,320.8595691,318.1695334,320.4413588,329.9763875,315.8081145,331.7110201,363.8483955,410.5697737,454.3271509,537.7460402,611.6654053,715.4779652,710.6550541,894.736966,972.9111107,1032.894002,1088.719506,1184.234462,1147.543363,1103.170133,,
IDA blend,IDB,364.9667867,354.284959,312.2761446,307.3465961,362.477954,391.0529322,387.3027024,370.3041812,378.7851168,382.4624431,370.1359413,401.6767041,450.3560515,524.3424929,584.6052099,742.3029807,828.3073492,957.1523869,905.8253151,1310.878019,1432.855807,1560.000435,1668.496746,1813.75732,1717.069038,1579.603856,,
Indonesia,IDN,539.5036982,581.16748,721.8092534,810.4991936,908.7070445,1006.533589,942.5289924,394.2274282,556.7678576,633.2578161,534.7737689,658.8730357,774.1453341,813.9024482,873.8561792,1113.796107,1302.747335,1521.41279,1651.192943,2329.729458,2689.267957,2754.319172,2716.790055,2638.915489,2566.413927,2817.018334,,
IDA only,IDX,289.1530006,274.5054623,269.3690717,229.8307675,254.7633794,283.7806584,289.9670781,294.8660721,293.594071,306.9185797,291.5250419,299.1450142,322.8525074,355.5246367,391.1548378,435.4465735,504.200201,596.8302768,619.6290946,677.7339011,740.121818,764.4840774,792.3641278,862.1104785,857.1049639,862.8519434,,
Isle of Man,IMN,,,,,,,,,,,,,,,,,,,,,,,,,,,,
India,IND,261.0403612,273.3707726,259.9216994,299.817585,322.6646346,345.9369571,360.0906483,360.4829744,385.8688226,382.5307508,389.6064742,406.3881127,471.6933595,546.3320499,619.2248521,690.6079293,888.3815477,851.0608475,955.8646067,1159.451205,1259.542638,1248.451734,1254.241915,1366.025674,1380.033125,1461.624029,,
Not classified,INX,,,,,,,,,,,,,,,,,,,,,,,,,,,,
Ireland,IRL,11541.97142,12709.00883,11908.2808,12926.96949,15307.30229,16766.20363,17879.47977,19101.03736,19963.60354,19850.00204,20826.66269,23482.69301,30390.16964,34990.77324,37010.01781,39276.9517,44076.51337,44216.54011,35703.56885,33438.81743,34634.89484,32492.04205,35796.55095,38413.06302,34338.56523,37783.76585,,
"Iran, Islamic Rep.",IRN,,,770.4613261,874.4346316,1198.158154,1403.806448,1349.738705,1346.856482,1322.083546,1190.747188,1446.760995,1507.698012,1759.552417,2138.296625,2500.028915,2873.351972,3824.609428,4308.47724,4538.801333,5338.755915,6236.743829,6214.783345,4626.140467,4247.951551,3775.739095,3966.682246,,
Iraq,IRQ,,,,,,,,,,,,,,1015.252086,1388.059966,1807.130625,2470.563129,3669.26831,3104.028617,3613.212083,4438.850775,5188.88328,5436.327159,5181.25709,3871.774428,3398.083184,,
Iceland,ISL,,,,,,,,,,,,,,,,,,,,,32357.58163,32539.74944,39394.47313,43434.44821,42822.46834,52292.77074,,
Israel,ISR,11546.85465,12506.16782,12178.00491,13494.47711,15363.92019,16321.21081,16511.48556,16265.27131,15664.96348,16903.03269,16608.08519,14982.90819,15385.75077,16207.26474,17157.75255,18402.83448,21113.6968,24603.6064,23042.008,25869.25984,28718.0566,27298.77572,30778.48367,32271.99209,30683.48101,31884.84708,,
Italy,ITA,18471.86715,19448.48428,15631.20278,16110.6302,17326.49596,19449.14755,18511.71384,18889.81566,18677.55439,17009.36286,17308.52587,18726.85629,23084.75714,26342.50856,27009.72757,28285.11249,31759.15221,33620.52585,30570.72324,29492.91265,31407.04848,28352.85333,28757.98649,28897.58163,24539.27276,25262.38461,,
Jamaica,JAM,1356.453729,1194.493372,1719.421612,1690.984134,1990.71092,2255.438557,2596.344566,2958.799678,2927.791161,2953.370159,2952.294796,3091.270956,2984.144356,3214.463057,3509.717609,3734.580082,3991.950052,4293.628373,3700.009108,4124.436338,4528.606723,4720.178942,4482.45214,4357.279394,4394.195502,4226.222195,,
Jordan,JOR,937.7175006,1130.524244,1142.330749,1219.6903,1274.545973,1256.762721,1290.931084,1400.450867,1403.597369,1490.70115,1568.320289,1630.384918,1711.966106,1897.157806,2032.688997,2373.538937,2588.44032,3142.500152,3249.910753,3323.350027,3431.018537,3478.776892,3594.631996,3654.281535,3677.082783,3686.181272,,
Japan,JPN,23257.94555,25049.84174,28414.49854,30982.03526,34506.92866,30725.6833,27858.81928,25163.52427,28319.91096,30451.64327,26772.44225,25449.37409,27559.5367,30039.1657,29741.02082,28339.62771,28276.00391,30965.21121,31695.25179,35066.92354,38101.78272,38602.86861,32487.2001,30690.23136,28061.8243,31117.79901,,
Kazakhstan,KAZ,,,1130.264735,1007.522239,1034.855494,1048.276016,1132.837639,,859.6755687,734.9785268,991.095536,1090.724565,1376.523335,1803.044377,2131.930601,2929.008724,4360.140973,5286.994908,4859.659696,5784.504419,7204.746447,8037.966184,9612.721992,8918.424217,8033.355099,5470.227081,,
Kenya,KEN,261.9118245,254.9778511,166.5995523,205.039231,250.8674332,333.7858396,359.4432096,378.3213589,337.9943202,325.2233383,324.710052,317.4433199,342.6189265,366.3582313,423.8654459,579.8506157,695.1797329,765.3323387,767.6062163,811.1815005,834.5589071,970.8355879,1034.175221,1101.109114,1121.070784,1225.77149,,
Kyrgyz Republic,KGZ,,,,,,,312.9921512,277.8333786,208.9694678,224.560716,257.8067684,265.0073501,317.3980241,355.7963256,409.502802,479.6699699,646.3866823,787.7809958,703.8047093,664.6557804,805.5106428,958.3363092,945.8174802,948.31444,825.3477463,783.7316001,,
Cambodia,KHM,,,,,285.203203,278.4828092,271.6436639,237.835068,264.2941614,268.3431269,284.9637539,297.282898,317.6004532,354.6120302,413.0664983,467.0986549,547.5172646,639.2259931,622.133658,660.5672392,742.8323291,801.2540333,867.1091008,915.8701657,968.7968726,1055.949382,,
Kiribati,KIR,978.309458,982.2692804,908.3563653,1037.310963,1112.269078,1104.899262,1319.579395,1329.392271,1269.857328,1213.850614,1198.417043,1247.048077,1434.988906,1607.270763,1625.018673,1586.798688,1761.330079,1914.12202,1682.886731,2031.719721,2174.026124,2394.263614,2542.239592,2960.026952,2874.560919,2139.200482,,
St. Kitts and Nevis,KNA,,,,,,,,,,,,,,,,,,,,,,,,,,,,
"Korea, Rep.",KOR,6629.401117,6979.902184,7598.018955,8887.876398,10542.42978,11148.21231,10186.1338,6520.389218,8493.957338,9817.789019,9218.977647,10580.24232,11720.85018,13135.82438,15271.76768,17190.75916,19054.84494,16672.3764,14725.78027,18055.97722,19659.88698,19878.8787,21018.30632,22446.48602,21881.35335,22172.11307,,
Kuwait,KWT,7202.115605,,,,17341.40754,19738.4665,18863.31442,15317.28112,16135.78893,18682.83094,16055.75816,16387.42751,19830.95334,24786.83322,31636.67868,39264.11981,42553.16144,48801.43297,34977.90496,34427.2205,40923.6279,43467.14898,41802.6871,38379.06999,27112.10983,24852.10652,,
Latin America & Caribbean (excluding high income),LAC,2490.7546,2168.473533,2539.087518,2884.539703,2996.33974,3202.539779,3463.40517,3406.835104,2950.138799,3257.481601,3161.130015,3019.676504,2983.784933,3345.447427,3985.391105,4599.785039,5430.316644,6202.522509,5853.321086,7196.069596,7901.491751,7871.78318,8009.295243,8191.750727,6686.066298,6407.391859,,
Lao PDR,LAO,205.6862278,218.9647979,252.2302817,285.4747175,310.6611579,324.7583119,291.1506072,205.3662593,238.4856473,271.0813195,271.6333086,265.6344387,287.1036412,336.489382,387.3644044,435.5068225,539.4126143,644.1822008,706.1304807,778.9751384,943.7366372,1126.675475,1322.160218,1471.999545,1608.173835,1752.65011,,
Lebanon,LBN,1536.546961,1706.631695,2227.351181,2809.693326,3409.770056,3865.845018,4114.931804,4507.376866,4600.341659,4498.405011,4349.060744,4389.383596,3749.472049,4516.978907,4598.764231,4419.199799,5131.089032,6028.728748,7119.752633,7354.071577,7213.798086,7325.450276,7137.352333,6919.133813,6826.146405,6598.650993,,
Liberia,LBR,,,,,,,106.5592458,120.1462198,115.787643,139.6685845,109.5847737,104.2174321,70.15986233,87.38345293,107.991467,110.5036028,122.9422883,120.6550497,180.1126663,188.7847251,241.0965541,225.6756669,250.8865475,248.4129371,247.5317979,241.2257767,,
Libya,LBY,,,,,,,,,,,,2726.945592,3434.947395,4081.28106,5588.047409,6432.583087,8094.6964,9973.387486,7703.492804,8643.651835,4843.990965,,,,,,,
St. Lucia,LCA,2957.827007,3253.574826,3217.492078,3323.847638,3453.198718,3576.574748,3599.019391,3849.18681,4011.823548,4033.941159,3758.739339,3817.400017,4091.959322,4288.437422,4553.986873,5553.695701,6196.511777,6153.006814,6146.257496,6679.65997,7017.232911,6898.786794,7136.163422,7091.418333,7477.752275,7492.190483,,
Latin America & Caribbean,LCN,2706.031642,2520.722397,2871.160915,3225.653248,3344.146977,3553.208665,3821.057459,3776.200715,3314.0264,3578.69728,3448.301825,3012.516269,3032.666673,3443.130967,4107.361096,4730.497757,5597.149913,6434.534734,6070.017321,7468.712432,8314.75581,8347.093286,8506.665894,8604.029618,7348.581231,7028.515006,,
Least developed countries: UN classification,LDC,263.8134542,232.6903084,229.2075563,193.2977948,214.3341828,241.5224014,248.6481778,248.9698342,246.0568064,263.6138252,244.8263243,256.0854914,278.9141658,304.3117127,333.4160922,367.7509719,427.0012915,494.7558654,542.4127977,598.4229383,661.4923284,689.0143728,717.5751567,796.1024171,794.7819851,788.296454,,
Low income,LIC,275.8064806,246.2617205,238.1784301,182.3627835,198.376879,222.0097834,226.3449628,227.1772864,225.619442,249.7809663,230.7419194,237.8416523,244.9990029,274.7518757,306.3744967,336.760863,393.9092589,458.8550076,481.9311978,510.4007234,547.985977,585.6694549,623.4920151,655.7348263,615.488816,582.0151638,,
Liechtenstein,LIE,,,,,,,,,,,,,,,,,,,,,,,,,,,,
Sri Lanka,LKA,483.908779,519.2884832,547.7005511,609.9906621,667.2723154,705.9181057,765.4314407,784.516895,771.3829042,799.4538104,773.2469493,809.3254957,922.7420281,995.4519014,1162.102429,1329.727135,1515.139868,1865.866009,1947.901149,2605.404237,2972.7914,3071.110924,3273.833884,3451.605531,3461.486962,3459.367006,,
Lower middle income,LMC,350.1090072,364.7893893,369.0892891,409.0837246,456.9234781,494.815278,502.869139,447.5055501,476.6022743,484.0050444,475.6158121,502.3917313,565.1871233,630.6033514,704.1075646,821.6263098,995.8706646,1079.833337,1129.378462,1401.574532,1543.693616,1604.239632,1648.601054,1735.93672,1724.709048,1771.122948,,
Low & middle income,LMY,659.9004176,648.7783601,690.1939309,750.4681218,833.3412776,908.2193253,951.058338,913.4521504,880.7415238,942.0994295,941.2789761,980.1044448,1082.730894,1257.747769,1461.590757,1709.119635,2103.409932,2447.388893,2421.513615,2889.431346,3303.075081,3493.33189,3645.320646,3771.669312,3542.212341,3483.150652,,
Lesotho,LSO,615.8280041,670.3989267,637.6434073,646.2769192,699.1348405,649.5466013,668.0785344,590.5607438,592.1525231,552.4156583,587.9670167,545.5853221,793.6659148,999.0472088,1048.023798,1074.135438,1156.372068,1130.962569,1058.808509,1294.791948,1370.507388,1247.745458,1141.474687,1128.569646,1061.700161,965.7185194,,
Late-demographic dividend,LTE,887.7324927,829.6656022,857.9314286,1009.665339,1248.355224,1387.169305,1442.412209,1382.763548,1258.701859,1360.655696,1396.185839,1470.122452,1657.706424,1967.644514,2337.105764,2800.440118,3531.243829,4297.970336,4214.954433,4969.670048,5914.379915,6337.817674,6776.037153,7016.452314,6543.865135,6437.551307,,
Lithuania,LTU,,,,,1707.025192,1884.543039,2328.805992,2630.975425,2564.027371,2741.370079,2966.947241,3527.485227,4634.048538,5703.798965,6774.253695,7934.337459,10389.31557,12632.04904,10302.276,10030.3512,11907.67998,11995.94483,13186.96187,14133.47605,11784.19757,12325.43294,,
Luxembourg,LUX,31712.4961,34636.01786,34575.42854,36403.20293,43763.28164,43159.67979,39827.30581,39020.57846,41365.37166,37601.76258,37669.95457,39162.4753,46709.71447,61392.51955,65974.62948,64084.56194,81386.92269,82019.94553,56664.43621,62531.4022,65004.25798,59247.02784,62611.33184,63447.36888,55156.67774,56303.4896,,
Latvia,LVA,,,,,1445.685081,1578.030063,1801.098289,2012.440672,2130.671945,2399.520575,2662.179749,3115.443521,3883.876989,4778.304962,5826.425416,7228.753355,10598.61957,12526.91312,10201.79779,8601.758801,10349.66472,10290.37398,11385.27478,11954.36762,10445.30508,10891.13792,,
"Macao SAR, China",MAC,,,,,,,,,,,,,,,,,,,,,,,,,,,,
St. Martin (French part),MAF,,,,,,,,,,,,,,,,,,,,,,,,,,,,
Morocco,MAR,1097.606712,1126.711838,1033.364224,1153.704264,1230.651032,1356.521934,1209.570648,1285.59212,1264.120276,1164.089533,1168.632732,1238.916372,1511.550186,1713.305023,1787.427583,1940.110187,2205.635101,2542.116254,2506.045311,2469.604066,2642.509963,2518.121575,2723.584773,2725.883856,2485.304124,2514.81805,,
Monaco,MCO,,,,,,,,,,,,,,,,,,,,,,,,,,,,
Moldova,MDA,,,,,404.2565296,413.5820624,466.1226092,388.2128898,267.5392187,299.2992293,367.5216603,420.9647551,539.6523428,721.959907,832.9111825,954.4677646,1209.5591,1688.691866,1462.896153,1636.360249,1999.493979,2139.066543,2339.765148,2326.751393,1841.155785,1896.224417,,
Madagascar,MDG,195.9258498,221.3468057,240.93744,204.9340454,208.1695721,259.0749214,225.8183888,231.8633045,225.5686411,226.379113,257.6360226,243.3597949,294.2070793,225.7439938,253.1459188,268.7207653,349.9173082,435.3505354,386.6360208,379.6285774,415.7620936,400.3888464,412.7576898,402.9864246,356.5777684,357.9166906,,
Maldives,MDV,876.0197378,988.4119214,1067.081707,1183.010893,1403.507914,1556.263817,1706.76293,1785.704841,1900.866523,1986.790918,2759.131048,2798.69469,3183.528827,3663.363173,3338.965732,4443.546048,4435.457184,5322.291224,5148.82807,5414.454326,7515.292031,7396.907941,8349.048388,8902.36604,9214.262604,9517.799004,,
Middle East & North Africa,MEA,,,1846.404731,1887.036983,2089.280992,2273.664446,2333.809734,2295.175533,2328.578016,2435.045894,2470.133679,2437.764822,2637.994074,2993.122908,3443.998331,3978.708887,4720.490615,5616.463749,5120.526812,5814.847524,6620.992634,6977.893822,6851.701151,6856.738915,6162.157717,6010.911257,,
Mexico,MEX,3119.041557,3544.36238,4851.585718,4967.945711,3016.109763,3457.936413,4204.237734,4344.338648,4952.194605,5727.474588,6042.912265,6106.729085,5736.20789,6100.196848,6649.241605,7258.483938,7998.631686,8216.222505,6646.602597,7698.821794,8234.168732,8169.371377,8504.887296,8774.804918,7788.535254,6971.091992,,
Marshall Islands,MHL,,,,,,,,,,,,,,,,,,,,,,,,,,,,
Middle income,MIC,695.8851038,686.8966652,733.3093112,804.4424685,894.4288148,975.165267,1022.58994,982.134531,947.2407335,1013.444546,1015.378951,1058.670997,1172.625134,1364.813715,1589.319098,1863.137824,2298.237088,2677.830896,2650.681175,3173.230366,3635.977986,3849.998911,4021.65564,4165.609575,3917.651787,3860.256442,,
"Macedonia, FYR",MKD,,,969.6627196,1316.748244,1757.699481,1748.142396,1477.070483,1422.892382,1451.070652,1487.39139,1462.821189,1565.809442,1881.061267,2158.998279,2358.068936,2617.274758,2864.136778,3665.165546,3544.828102,3458.021019,3889.101994,3575.246529,4052.60665,4273.504607,3774.506361,4014.955631,,
Mali,MLI,296.051479,300.8282134,294.53734,203.881573,255.5355313,254.3311606,237.6289738,252.1207512,294.3875347,243.6301417,268.1536534,278.7599939,334.492314,378.1846462,427.9682661,455.1978322,520.0583204,571.1708451,566.4181654,556.2137668,636.7087323,548.6166465,598.4561815,657.3308426,568.5720213,582.6823237,,
Malta,MLT,,,,,,,,,,,,,,,,,,,,,,,,,,,,
Myanmar,MMR,,,,,,,,,,188.3402575,134.5977702,139.2824315,213.4894645,211.8864479,234.7816126,281.6816736,392.4165012,618.5637441,719.4856074,957.9081935,1137.619179,1073.428676,1075.615214,1131.538448,1032.300315,1087.36599,,
Middle East & North Africa (excluding high income),MNA,,,880.987933,902.0633398,1036.266441,1154.716285,1181.673565,1233.898046,1227.169251,1217.024737,1292.317272,1274.462326,1385.014931,1567.088199,1776.305302,2028.518324,2519.634686,3010.554164,2996.983237,3376.017574,3709.544289,3910.23579,3607.523293,3548.408479,3243.080661,3157.918392,,
Montenegro,MNE,,,,,,,,,,,,,,,,4129.551001,5404.389921,6675.826913,5899.588189,5867.354927,6607.324061,5954.738795,6517.44353,6639.199738,5920.17083,6277.972462,,
Mongolia,MNG,937.8036932,507.6550655,297.8198785,340.6757503,532.1783182,513.4283301,433.4291578,419.986576,396.4899367,401.8201412,442.4189278,483.0634267,547.4243809,654.1933117,816.7611559,1012.608525,1260.249179,1597.630319,1272.771519,1829.388,2540.97531,3270.872573,3404.826984,3013.18083,2904.079457,2676.807391,,
Northern Mariana Islands,MNP,,,,,,,,,,,,,,,,,,,,,,,,,,,,
Mozambique,MOZ,210.6089309,137.5479215,139.0419363,138.0497974,137.6520654,191.1580698,224.3515286,250.0276261,264.897692,236.8035142,209.4446503,193.7412397,239.3277529,283.5036703,315.2874527,315.5373983,349.0406265,416.5525454,395.7829116,351.4505387,443.2547799,472.6404546,502.8131647,507.2395393,419.292994,297.1359964,,
Mauritania,MRT,578.4307359,574.9921958,479.1705547,491.508712,504.661515,541.8178793,510.3872769,475.3502571,487.0705238,421.9051133,392.3548494,423.4309678,480.0443679,537.754868,579.934247,630.1740668,634.1748728,721.1446098,783.2659309,812.5647108,914.1171403,847.1138344,856.8613958,838.2193195,737.1571747,674.3282296,,
Mauritius,MUS,2538.672952,2808.162226,2787.123851,2944.221853,3284.325074,3501.541819,3189.699524,3161.574642,3221.908729,3412.342959,3388.002884,3549.515463,4122.580445,4691.813837,4579.346341,5160.861827,6056.170621,7242.371805,6410.556445,7072.219454,7964.253411,7889.099532,8124.283585,8276.068166,7644.149459,7896.160933,,
Malawi,MWI,192.6719668,152.9505873,179.4765774,89.38754211,103.4588779,184.4847203,216.1298349,126.9303145,128.3921327,121.1734269,113.7510461,242.1182554,211.1625844,228.4269998,231.9050293,238.4130732,249.3292153,295.8979782,302.4145477,343.8611751,389.9399969,269.2876254,235.1877405,249.0979156,249.9052706,200.9453485,,
Malaysia,MYS,1977.800455,2334.755219,2601.034394,2819.435288,3263.09687,3550.032983,3371.36718,2243.517453,2374.648869,2750.298379,2688.735695,2928.588196,3211.606852,3606.983986,4124.804819,4685.229454,5606.862309,6472.386491,5643.878083,6934.644075,8064.74272,8204.452974,8395.851675,8612.520512,7616.3833,7477.456495,,
North America,NAC,20034.37343,20786.07312,21368.21228,22454.85695,23427.05755,24559.89597,25967.83493,27233.55063,28509.30941,30090.59201,30676.28868,31330.68641,32698.13548,34678.68869,36836.58997,39178.65345,40133.43741,40055.81838,38709.18765,40746.89672,42593.45025,44411.80571,45197.27499,46680.79561,47594.25238,48039.13101,,
Namibia,NAM,1853.639123,2013.843954,1861.04711,2060.270416,2216.650724,2120.943516,2131.41162,1949.926751,1828.671955,1860.298948,1640.822413,1542.338793,2301.57896,2945.344381,3088.684199,3372.557879,3573.023737,3501.735816,3607.383828,4396.473198,4777.235156,4887.913506,4825.875358,4748.789668,4162.813185,3748.160746,,
New Caledonia,NCL,,,,,,,,,,,,,,,,,,,,,,,,,,,,
Niger,NER,240.2108292,235.9386647,154.4056772,142.194212,161.0271235,166.8608962,148.8296859,165.3573854,160.8842705,134.9022766,144.2250891,153.9777962,182.709175,204.226434,223.3172208,229.8262914,254.5119675,308.173597,293.5903585,304.4243434,326.020807,329.0795076,345.7419954,351.2010446,292.5871962,292.2472985,,
Nigeria,NGA,187.6532453,191.4103508,68.54108332,93.91053315,175.7178781,209.7792988,214.7645082,204.4683217,235.8657884,242.604336,250.3464169,349.0282929,377.2435608,466.437341,552.3144412,778.6313956,839.7274588,1016.324919,832.9126694,1865.485841,1932.310402,2155.032277,2344.710735,2630.353822,2242.151492,1830.841559,,
Nicaragua,NIC,230.831367,252.9762656,256.4012117,665.715085,722.7491438,755.5470289,767.0437707,817.0998369,839.2568062,875.9210312,889.9214175,868.2184433,872.6903607,942.0589452,1031.861844,1075.155666,1172.519028,1359.633611,1313.522855,1335.79285,1469.966783,1561.047339,1604.932764,1717.064799,1832.28023,1875.771151,,
Netherlands,NLD,17711.61454,19383.52852,18873.58463,20387.45575,24523.1284,24412.13042,22397.87004,23094.67092,23912.91961,22197.52459,22035.7983,23889.95865,29624.75307,33748.6913,34362.13158,37802.22922,43374.89513,46442.6844,42842.15362,42029.31224,45289.8334,41739.4893,43173.20967,42966.895,37001.52996,37534.31123,,
Norway,NOR,21556.04835,23211.06192,21121.95044,22420.33543,26945.37767,28340.46576,28437.34108,28046.04511,28477.79178,28103.82045,29663.14932,33324.60178,39165.16571,44685.99313,51829.17342,56853.32786,65916.97303,73170.39891,62001.06432,69002.03034,77456.7155,78356.04735,80793.16361,77700.83122,61142.76098,57982.8633,,
Nepal,NPL,197.2325442,165.8319013,173.8247809,188.9445157,197.9133249,200.4658029,213.3046482,205.124687,206.7712674,221.7204436,237.3191497,233.4288885,241.7662799,271.2499083,299.5186856,328.1550303,368.1847082,443.7791997,452.3058964,550.5346796,642.8093965,635.7159171,641.4875853,663.9353587,700.6030879,681.0829827,,
Nauru,NRU,,,,,,,,,,,,,,,,,,,,,,,,,,,,
New Zealand,NZL,9459.671861,9142.806524,10150.02549,11981.35497,13761.75454,14628.78549,13860.36155,11873.03596,12184.6258,10790.34897,11123.23633,13601.4068,17841.33681,20454.71122,22024.14124,20956.33883,25472.8823,23923.59954,22468.03717,26750.08354,30849.89548,32256.70382,34995.2484,36293.53759,31273.79965,32271.07171,,
OECD members,OED,15208.00816,16189.36711,16215.26053,17214.12704,18808.27565,18908.93831,18576.09399,18742.79984,19483.24422,19752.98924,19438.27886,20101.81649,22358.43949,24756.80995,25983.57499,27289.56608,29411.54056,30499.61465,28309.58589,29728.68642,31828.70938,31685.82334,31870.55905,32380.17753,30511.60966,30741.49717,,
Oman,OMN,3993.49764,4125.678986,3977.021828,4056.728093,4152.750393,4248.924794,4570.11757,4384.871377,4473.621648,4775.260057,5177.778289,5482.77487,5719.225688,6107.885849,6794.353683,7065.66159,9457.032227,13284.63603,9625.745994,10657.04277,9877.495332,10968.31358,10830.36727,10550.09656,10652.7579,,,
Other small states,OSS,,,,,,,,,,,,,,4714.93492,5305.007517,6234.145822,7518.920894,8830.013632,7583.446472,8404.531804,10020.14024,10400.86323,10916.7295,11251.85993,9950.437133,,,
Pakistan,PAK,383.4090448,391.1951427,403.8132806,395.0017649,452.5437299,454.3106823,434.4085594,422.3718736,418.665758,472.9779579,452.8570917,452.283308,525.8136465,601.8797406,654.6632173,795.4995992,868.6656635,956.2976381,950.958863,995.3076956,1187.48291,1230.465675,1247.437705,1302.590847,1428.11297,1443.666583,,
Panama,PAN,2419.302465,2784.555084,3009.083078,3182.924979,3117.153645,3186.593747,3300.804183,3511.50648,3536.01571,3576.862428,3538.892511,3745.17856,3759.153066,3991.826035,4281.408284,4637.797651,5334.589564,6309.132093,6679.909667,6919.038928,8326.425865,9487.113526,10506.20196,11178.41226,11162.28652,11446.63159,,
Peru,PER,1370.843387,1411.578765,1343.213414,1696.721711,1960.307415,2009.581669,2072.198092,1968.777772,1727.766174,1733.533886,1739.920169,1808.423118,1899.780588,2070.796771,2266.693389,2405.543522,2775.690427,3332.12217,3365.185518,3983.947339,4498.162901,5097.747937,5388.195889,5365.11044,5042.297255,4957.339727,,
Philippines,PHL,648.962275,750.7960808,751.6153692,875.6891735,989.8771271,1095.432913,1087.702928,1014.131326,1140.735963,1128.117571,1043.728026,1092.739286,1096.410927,1140.283214,1270.506845,1460.726674,1707.848493,2005.089621,1983.962289,2282.696452,2493.56675,2799.779653,3036.396192,3094.456675,3182.538621,3255.442157,,
Palau,PLW,,,,,,,,,,,,,,,,,,,,,,,,,,,,
Papua New Guinea,PNG,635.613532,646.6413857,687.7754994,776.6380095,610.172666,674.1171305,716.2008018,541.5388927,448.0784425,426.5512774,366.3690355,344.3348704,378.2939618,395.7347392,494.099893,807.3426447,998.0476784,1162.170581,1200.531915,1416.153528,1784.221957,2166.277093,2225.231039,2386.145589,2173.404846,2056.831079,,
Poland,POL,1265.260666,1478.177605,1706.993201,2270.327351,3016.630111,3429.48539,3454.298035,3814.885316,3703.934209,3839.34736,4241.965561,4429.514266,4807.939877,5522.344377,6761.963641,7587.19471,9395.273414,11968.24764,9836.02393,10713.64389,11862.88324,11221.49549,11743.23222,12159.73234,10657.70574,10463.11218,,
Pre-demographic dividend,PRE,293.9961159,263.7618789,229.1375024,189.2816682,233.3328405,264.5068703,269.5217758,273.324952,269.7139999,279.2530871,263.2857588,309.1558801,342.000646,390.3544493,448.8175816,554.8121635,649.0427997,779.0066898,733.9777284,1017.215639,1093.541553,1195.804877,1264.736667,1378.908595,1208.792509,1077.268882,,
Puerto Rico,PRI,,,,,,,,,,,,,,,,,,,,,,,,,,,,
"Korea, Dem. Peoples Rep.",PRK,,,,,,,,,,,,,,,,,,,,,,,,,,,,
Portugal,PRT,7704.28314,9401.881869,8271.469096,8600.274502,10046.31174,10351.84412,9780.805374,10323.76685,10554.15544,9524.092667,9670.364521,10623.23449,13038.86817,14851.17729,15422.80508,15948.53006,18362.80159,19679.41581,18251.06667,17884.22551,18587.21523,16327.12055,17515.99357,17814.76026,15389.321,16032.51847,,
Paraguay,PRY,,,,,1517.132466,1704.071468,1629.048654,1443.991513,1298.614709,1161.962042,1085.717277,921.3104965,846.6791639,1036.257293,1102.981468,1368.681483,1857.157017,2491.373656,2075.04945,2567.000084,3272.959429,3079.684035,3627.262926,3845.712784,3320.763657,3288.274906,,
West Bank and Gaza,PSE,,,,,,,,,,,,,,,,,,,,,,,,,,,,
Pacific island small states,PSS,1276.336939,1360.895926,1407.97708,1542.156459,1670.798811,1770.422318,1870.495764,1552.223502,1679.460658,1562.468132,1487.989698,1576.2395,1838.21194,2154.776972,2350.586286,2354.510555,2570.563189,2727.712292,2316.839331,2500.222093,2855.187512,3041.206702,3256.565597,3295.948264,3269.973875,3287.529714,,
Post-demographic dividend,PST,16577.59404,17646.49488,17561.731,18736.77532,20689.11383,20760.53474,20345.47897,20459.00948,21302.92115,21552.59339,21252.1103,22020.81525,24603.26404,27260.03153,28547.44748,29990.67374,32261.86272,33408.38005,31256.91565,32740.11095,35111.91015,35030.88896,35162.41015,35754.32241,33815.24996,34217.90925,,
French Polynesia,PYF,,,,,,,,,,,,,,,,,,,,,,,,,,,,
Qatar,QAT,10740.78688,11409.28472,10647.83466,11100.04832,11775.35331,11724.53441,14819.07807,,,,,,,28572.1731,30799.25873,39018.58266,44073.43378,52349.66745,38976.22692,43863.24588,53108.97983,57284.80324,59202.28391,60396.03308,50409.75209,,,
Romania,ROU,901.716773,792.6285579,829.4119846,952.4549596,1192.207588,1172.925499,1171.629094,1428.435419,1232.5668,1289.151045,1421.349148,1591.753554,2070.771994,2660.90131,3609.874653,4554.55173,6539.182935,8142.659909,6553.431718,6613.2783,7184.242119,6686.30223,7480.732148,7953.958091,7081.892485,7427.885831,,
Russian Federation,RUS,,1656.683695,1511.819264,1334.605505,1290.5449,1564.125256,1715.827605,1171.38255,954.2284362,1275.113618,1565.346162,1784.619224,2214.391911,3148.815621,4038.60432,5320.888584,7260.652589,9164.113025,6724.118075,8512.15436,11408.86966,12182.90083,12618.65235,11095.88655,7497.324288,6922.880359,,
Rwanda,RWA,230.8938587,258.9091004,268.9210074,89.9324668,169.5844265,173.9605619,223.5170997,222.4597677,196.8388519,181.1311063,166.8746502,161.5415217,166.7498424,191.4081131,236.6045715,285.4933273,331.6532115,398.4587623,434.7595258,458.0504007,499.8172791,545.6434027,549.1296813,559.3980631,556.2184078,546.6059196,,
South Asia,SAS,273.9796531,284.1814612,276.1536613,306.9741088,333.5472999,357.5734878,368.1777645,367.8851643,386.9298801,391.1668434,394.065363,408.1848388,469.749072,538.3719496,603.9367443,676.2815566,842.5700274,836.8101348,923.9989197,1100.857302,1210.596926,1210.808526,1227.459679,1330.34131,1365.119137,1440.075944,,
Saudi Arabia,SAU,6503.639864,6668.211174,6319.707588,6151.069731,6389.430393,6739.839625,7013.347577,6257.054219,6759.826929,7353.320019,7130.243975,7238.595891,7685.842744,8731.973324,10458.23438,11807.52601,13004.25507,15330.7527,13393.50359,15481.76655,18559.6527,19710.81445,19508.18137,19594.57077,17257.35857,16720.89568,,
Sudan,SDN,,,,,,,,,,,,,,,,,,,,,1333.264402,1453.735274,973.0680121,1727.557185,2017.597452,1886.586074,,
Senegal,SEN,662.3294274,692.745637,622.42773,406.500327,493.600118,501.1910978,444.2763683,467.6984618,463.8626453,411.5863578,423.3843723,449.0998856,567.0881339,649.1572253,685.7639313,717.8347528,845.05738,983.752982,900.0443682,885.2405963,936.845666,889.7025498,901.9573874,903.6966025,775.245905,803.163139,,
Singapore,SGP,12256.89668,13824.68228,15337.03084,18734.8445,21982.04262,22856.60519,23637.73986,19011.34159,18782.92761,20317.99714,18034.15325,17942.36094,18957.85725,21349.33877,23502.52862,27676.87019,32800.27165,32217.08504,31020.41865,40103.5679,44848.87833,45248.22611,46665.96087,47071.16157,43618.1112,43518.50063,,
Solomon Islands,SLB,646.1371398,674.5150185,646.6064312,697.2698929,722.6194559,719.2841888,1314.656429,1056.581414,1056.539029,949.3415449,849.2674348,692.5802132,633.7887648,705.852385,738.4488967,769.0927266,707.0315188,693.3689123,590.8590047,618.2387766,774.3029459,1124.943135,1339.87323,1328.326242,1432.870899,1421.188213,,
Sierra Leone,SLE,134.2204936,109.5703714,141.3942504,154.724467,149.331176,169.4847336,152.1753907,106.0215513,117.6728834,108.2831615,191.2657886,209.5231491,210.8400254,214.0202681,238.3309417,272.2936892,319.1594803,372.7661171,362.6737052,348.9342001,371.3058718,488.2195909,587.369941,584.1636191,490.4380082,361.889466,,
El Salvador,SLV,916.2960303,1026.694583,1191.50676,1377.277325,1601.834692,1719.64189,1829.312494,1956.501921,1990.486217,2086.020245,2169.086915,2228.531648,2318.133824,2410.982768,2601.478351,2813.908038,3027.048317,3211.16682,3042.633959,3145.563828,3393.40842,3371.152175,3406.267748,3475.846835,3571.960113,3609.123279,,
San Marino,SMR,,,,,,,,,,,,,,,,,,,,,,,,,,,,
Somalia,SOM,,,,,,,,,,,,,,,,,,,,,,,,,,,,
Serbia,SRB,,,,,,,,,,,,,,,,3428.711332,4448.819634,5423.152581,4771.848065,4392.991784,5205.051813,4508.327598,5023.923128,4923.351015,4126.072901,4225.471561,,
Sub-Saharan Africa (excluding high income),SSA,485.5587886,470.7379741,436.5832894,404.7331575,458.7908989,466.4708753,471.7475219,441.7463537,434.01336,430.2572484,392.6790443,411.4159757,510.3049337,611.9161451,680.4502406,770.8145971,843.3791794,882.7466231,886.1574056,1172.439151,1244.063611,1283.822658,1307.24875,1390.913764,1263.319726,1147.743251,,
South Sudan,SSD,,,,,,,,,,,,,,,,,,,,,965.2002125,841.7832671,905.9195367,811.2320199,563.3482258,,,
Sub-Saharan Africa,SSF,486.1181994,471.4156077,437.3138485,405.4792124,459.5129423,467.1618155,472.5395429,442.5824368,434.8432073,431.0348025,393.4408095,412.1808877,511.0906575,612.9150299,681.5316335,771.9923284,844.4430864,883.6169105,886.9483589,1173.253709,1244.941211,1284.743498,1308.363626,1391.962351,1264.349335,1148.804608,,
Small states,SST,,,,,,,,,,,3359.442954,3489.210926,4053.387045,4640.364803,5176.290451,5964.817601,7057.635907,8222.741477,7049.560865,7781.20483,9013.946123,9413.784212,9865.855179,10123.36454,9184.056005,9041.530453,,
Sao Tome and Principe,STP,,,,,,,,,,,417.3632056,456.5781013,545.7039945,586.5615067,698.6673623,765.0675098,795.2783321,941.7202106,871.6679554,883.2324143,938.2950007,786.5189526,915.1313636,1033.097139,793.8414524,758.1945212,,
Suriname,SUR,870.2599945,760.8114954,823.1686558,1175.191407,1380.435824,1663.18894,1748.066669,1778.172814,1509.930388,1529.738716,931.9463303,1644.70698,1952.633179,2143.261997,2718.159214,4171.875375,4714.676455,5345.274122,6044.035176,5650.561556,4599.934286,5360.277102,6084.827366,6535.776054,6405.199902,3620.176692,,
Slovak Republic,SVK,,,,,3751.06551,4063.514706,3999.384735,4320.450668,4335.614184,4166.322873,4442.029172,5047.988776,6353.348738,7990.4306,8936.349316,10191.59338,12678.18277,14933.1678,13082.04054,12941.09693,13890.87152,13458.78351,14261.64425,14498.12694,12543.69603,12869.91624,,
Slovenia,SVN,,,,,8920.141616,8900.045709,8584.708386,9127.023876,9413.673603,8256.263604,8507.824425,9575.055359,12052.65195,13887.37455,14687.27088,15951.88312,19181.35617,22017.60266,19487.99049,18452.17362,19626.66818,17391.04674,18063.092,18958.99003,15947.03024,16640.11653,,
Sweden,SWE,26550.49627,26897.45247,19714.567,21627.71814,25361.81244,27553.11531,25253.92123,25557.05433,25927.68002,24768.02446,22665.63801,24847.52321,31821.26497,36153.54603,36958.34958,40332.58575,46731.03925,48692.5428,39251.61599,44690.36544,50872.32304,48760.07851,51432.94886,50489.34809,43232.80839,44237.72785,,
Eswatini,SWZ,1210.395719,1322.814038,1324.271652,1294.382566,1607.843149,1541.363138,1614.346965,1381.26951,1368.4941,1450.201055,1334.516439,1138.282192,1713.019064,2201.364095,2669.242171,2575.244486,2675.976939,2448.103555,2557.919934,3012.043925,3391.491325,3331.732633,3149.255951,2936.201361,2659.162118,2381.911943,,
Sint Maarten (Dutch part),SXM,,,,,,,,,,,,,,,,,,,,,,,,,,,,
Seychelles,SYC,4573.331904,5495.216482,5863.297246,5935.387232,5901.930467,5748.639612,6594.149927,6929.031888,6914.931378,6619.070741,6602.352082,6627.732996,7178.221356,9336.521432,10346.38871,11376.07588,10697.07979,9060.846712,8530.564994,9148.702691,10297.02564,10950.96574,13110.82423,12626.15979,12345.57997,12716.28746,,
Syrian Arab Republic,SYR,806.1790238,798.5980636,802.7839425,566.7433041,617.1417876,703.3048079,716.2792934,817.8325126,770.1136176,840.7098016,963.069155,938.9114669,909.9840559,1107.323404,1189.637965,1346.578655,1636.130819,,,,,,,,,,,
Turks and Caicos Islands,TCA,,,,,,,,,,,,,,,,,,,,,,,,,,,,
Chad,TCD,289.615931,282.3144598,205.4706007,163.1855885,193.3161586,206.0419421,190.3212266,209.2562462,177.710753,151.4244469,179.7712763,190.5760262,206.2033918,224.0344199,352.2797019,383.5744289,465.3153107,517.6730597,615.3012173,675.5592318,702.3839406,712.9833794,739.107343,777.6412848,632.9482889,535.6767783,,
East Asia & Pacific (IDA & IBRD countries),TEA,384.3362856,426.5791484,461.5329349,565.6634725,682.7939032,771.0386286,790.3240251,712.4498754,771.2527667,832.2740155,866.6123012,958.4364925,1073.413087,1216.416091,1378.671769,1642.201672,2052.202606,2513.147537,2780.619138,3261.771036,3849.283717,4315.913579,4685.607224,5052.747469,5223.58389,5230.358618,,
Europe & Central Asia (IDA & IBRD countries),TEC,,1346.656567,1362.641834,1225.048288,1398.995464,1554.658388,1641.811583,1668.138247,1491.115075,1631.988213,1642.665481,1848.591723,2264.497888,2954.430293,3703.121508,4472.316537,5835.186267,7191.11483,5665.708791,6669.268849,8021.033542,8310.038194,8799.298547,8266.229995,6501.38097,6142.952073,,
Togo,TGO,351.8072073,367.0225161,253.5186168,185.1031414,242.489058,277.3339575,278.2825294,284.3201598,283.0295052,221.7039974,224.1901641,242.6543165,256.5849226,303.668108,325.501639,342.6912911,366.2331317,355.7002807,348.4245418,331.3197082,332.2851029,299.5510172,325.886023,411.4588716,372.9801579,397.068473,,
Thailand,THA,1479.821442,1651.490785,1899.475135,2130.313139,2417.096575,2546.882175,1996.146202,1425.046221,1609.765059,1587.138853,1471.602886,1654.549428,1864.890035,2118.383686,2278.908995,2678.872413,3191.225734,3453.521754,3338.772519,4013.952865,4378.948029,4515.955434,4648.102945,4514.865105,4480.837361,4489.825883,,
Tajikistan,TJK,,,,,,,,,,,,,,241.128238,251.7363428,337.1432017,462.2637053,629.0556161,602.9988533,768.4172076,882.5604337,1032.928393,1126.194254,1191.961953,971.984566,818.2233949,,
Turkmenistan,TKM,,,,,,,,465.0790642,366.431957,222.4979273,255.1013487,401.1332478,581.4049109,658.040096,611.0151587,895.0054922,1199.615137,2215.882034,2957.299235,3053.491201,3499.420394,,,,,,,
Latin America & the Caribbean (IDA & IBRD countries),TLA,2694.983986,2510.435456,2866.13664,3214.280428,3330.109047,3551.286149,3821.679973,3773.488482,3298.42721,3562.917403,3427.780948,2981.616067,2998.007406,3410.112341,4074.32376,4688.293769,5557.601581,6399.776944,6029.061901,7440.124113,8287.35848,8307.576781,8461.685554,8556.252592,7301.747594,6981.001356,,
Timor-Leste,TLS,,,,,,,,,,,,,649.4387152,,,,,,,,,,,,1836.242602,1904.006335,,
Middle East & North Africa (IDA & IBRD countries),TMN,,,883.2561072,904.5864606,1039.405897,1158.494043,1185.837593,1238.324444,1231.656558,1221.56677,1297.245692,1279.432905,1390.540517,1573.480804,1783.708094,2037.147399,2530.56696,3023.978326,3010.710004,3391.893639,3727.486005,3929.680504,3625.956059,3567.033985,3260.567616,3175.410288,,
Tonga,TON,1321.370242,1356.45189,1367.06873,1963.165266,1968.702686,2140.21269,2067.54541,1857.970925,1874.857,1880.71753,1673.127803,1724.423674,1882.176522,2120.668505,2379.11862,2707.609158,2763.600269,3184.431156,2904.231725,3336.866388,3789.16493,4223.024097,4015.429122,3863.581086,3773.049718,3435.671641,,
South Asia (IDA & IBRD),TSA,273.9796531,284.1814612,276.1536613,306.9741088,333.5472999,357.5734878,368.1777645,367.8851643,386.9298801,391.1668434,394.065363,408.1848388,469.749072,538.3719496,603.9367443,676.2815566,842.5700274,836.8101348,923.9989197,1100.857302,1210.596926,1210.808526,1227.459679,1330.34131,1365.119137,1440.075944,,
Sub-Saharan Africa (IDA & IBRD countries),TSS,486.1181994,471.4156077,437.3138485,405.4792124,459.5129423,467.1618155,472.5395429,442.5824368,434.8432073,431.0348025,393.4408095,412.1808877,511.0906575,612.9150299,681.5316335,771.9923284,844.4430864,883.6169105,886.9483589,1173.253709,1244.941211,1284.743498,1308.363626,1391.962351,1264.349335,1148.804608,,
Trinidad and Tobago,TTO,3090.657853,3126.493411,2721.529588,2942.568191,3189.351327,3256.591476,3425.903001,3827.624154,4113.485501,4625.819044,5284.639977,5361.086823,6407.994973,7978.009146,8725.294148,9449.0424,11399.55208,15064.84929,10627.89709,12537.94678,12274.14019,11932.40715,13354.03758,13169.08904,13918.90206,12968.91275,,
Tunisia,TUN,1281.835179,1364.949182,1239.786568,1320.634229,1517.423656,1612.204733,1718.592762,1805.248204,1878.119795,1720.801883,1791.593242,1852.344714,2204.746911,2476.11688,2473.321339,2617.32914,2847.635381,3073.331331,3171.26465,3146.248956,3192.138025,3112.401649,3140.400473,3262.349622,2959.671996,2788.238259,,
Turkey,TUR,2267.131027,2361.456017,2660.759588,1847.890975,2391.080328,2533.010274,2616.691213,3758.946959,3394.366913,3576.015619,2498.610092,2940.2282,3846.818948,4982.573265,6149.271844,6707.397324,8122.296637,9064.980086,7449.838003,8960.560602,9583.491568,9899.964746,10631.65159,10232.32806,9235.402578,9064.532052,,
Tuvalu,TUV,,,,,,,,,,,,,,,,,,,,,,,,,,,,
Tanzania,TZA,182.5344382,161.4374048,145.6496731,136.6514159,156.2733194,191.3867748,219.3684482,258.8388447,264.5521325,268.4734453,260.0717729,270.6594567,282.8706656,301.9449059,385.2659228,421.4841918,465.8994264,572.680796,578.7720206,616.4189017,645.0374148,722.2686751,810.8444196,860.2885834,776.404922,780.7451178,,
Uganda,UGA,131.759615,100.8166984,122.3966483,150.8920513,210.3832223,216.1231968,223.4902595,228.4697486,212.1356009,209.0418676,186.6046435,188.6874659,169.0670318,220.851931,244.6962513,263.3018958,303.7613899,331.7725142,426.179897,466.5496776,436.3712719,468.7063472,479.5436424,517.8227251,483.2812157,394.2900366,,
Ukraine,UKR,,,,,732.3903231,684.6066311,784.7562481,656.9651672,492.8513333,495.9358604,618.5781518,701.6954901,834.0609061,1104.926128,1505.981786,1898.440483,2560.949922,3294.72323,2055.5719,2431.34755,2919.864398,3220.29264,3353.856031,2623.13264,1814.803605,1872.168316,,
Upper middle income,UMC,1024.127475,993.2942149,1081.738052,1186.051156,1320.250689,1446.217618,1535.623442,1513.013679,1418.643285,1547.847875,1564.959854,1630.246706,1802.507006,2132.71313,2522.783543,2970.830592,3694.929603,4404.289866,4308.552722,5120.446314,5952.399041,6354.466273,6686.839197,6913.073245,6411.299511,6249.100109,,
Uruguay,URY,3161.783199,3620.258206,4216.867268,4866.786607,5307.12448,5608.783347,6538.888778,6873.386508,6493.417527,6173.681313,5646.581915,3716.113419,3116.807952,3521.777415,4539.018219,5134.111308,6122.619774,7793.954419,8089.342846,10095.77174,12111.6646,12966.32923,14476.93712,14273.22727,13302.57119,13113.63551,,
United States,USA,20337.70612,21267.15524,21972.11536,23190.32375,24199.11635,25419.3384,26913.26911,28390.02186,29696.38279,31293.57794,31985.35024,32641.73118,33776.97464,35648.64293,37662.14612,39871.38238,40558.37031,40330.50224,39351.60859,40991.68426,42610.37052,44592.96929,45465.09253,47297.05524,48967.22169,49574.32501,,
Uzbekistan,UZB,,,,,,,,566.7410616,638.155442,462.2639329,341.1848005,290.4733024,292.6719699,357.3903532,410.5502548,451.0645873,650.0838937,854.1217336,992.2147443,1210.525277,1314.53535,1431.968869,1656.624813,1798.592742,1911.796912,1885.911303,,
St. Vincent and the Grenadines,VCT,2195.184365,2435.341071,2505.067663,2505.675405,2742.538042,2903.371296,3013.106441,3222.831045,3305.098097,3380.569874,3658.980278,3914.958869,4011.992588,4276.214778,4498.284641,5025.902087,5306.670639,5652.146899,5495.602609,5393.069198,5236.306366,5173.140456,5385.317056,5375.020392,5421.088247,5356.733487,,
"Venezuela, RB",VEN,2250.514673,2428.427357,2353.460746,2245.812991,2965.273617,2589.7911,3208.09734,3453.771199,3640.432664,4146.720506,4343.876726,3138.349562,2762.81128,3613.288844,4669.732535,5929.849815,7468.652445,10317.91426,10630.8553,12463.36754,9639.458518,11492.61232,10963.05376,14451.47468,,,,
British Virgin Islands,VGB,,,,,,,,,,,,,,,,,,,,,,,,,,,,
Virgin Islands (U.S.),VIR,,,,,,,,,,,,,,,,,,,,,,,,,,,,
Vietnam,VNM,120.9182534,122.1102181,162.5592622,200.9275474,254.8812571,296.082301,318.9280625,321.8071599,330.335124,371.7473447,390.5449911,414.2665255,457.3930834,503.9156798,561.9581122,628.8542631,728.6964351,914.4208433,976.1804005,1061.410567,1209.673532,1391.306044,1519.046686,1641.563189,1701.278439,1810.311216,,
Vanuatu,VUT,1035.003897,1013.862566,1031.616172,1045.854814,1162.654795,1156.52779,1170.505561,1292.678772,1317.066159,1261.465318,1220.243031,1176.079208,1361.653383,1532.457208,1587.602705,1768.482629,2048.246,2453.52289,2303.086519,2557.74518,2854.732963,2682.858086,2861.473945,2864.447977,,,,
World,WLD,3659.980564,3839.418598,3831.2481,4071.097375,4464.405422,4516.319003,4451.870361,4410.994808,4497.826276,4565.995299,4483.818924,4591.837183,5091.676457,5666.013252,6040.713427,6474.755486,7174.971878,7661.125894,7224.292531,7850.391209,8575.073244,8692.036723,8817.382623,8985.337996,8442.344046,8413.505174,,
Samoa,WSM,,,,,,,1476.114611,1385.811326,1322.354478,1365.332452,1379.180644,1440.25111,1601.145904,2015.157589,2111.640299,2263.483987,2474.552943,2866.712141,2541.048313,2949.391895,3362.266968,3583.416693,3595.245675,3581.491823,3610.049038,3495.564206,,
Kosovo,XKX,,,,,,,,,,,,,,,,,,,,,,,,,,,,
"Yemen, Rep.",YEM,382.251705,411.634936,312.9122984,196.8973693,178.565231,221.370557,272.8188295,286.0814136,291.0039023,307.4135978,344.6770848,373.1561346,384.5606669,417.9014393,454.0646253,543.3006079,653.9877338,794.9568142,849.2764301,988.0953088,1042.015805,1180.756367,1305.834798,1385.548581,1283.401687,933.8254685,,
South Africa,ZAF,2565.594345,2774.502037,2745.833268,2801.107618,3056.762415,2850.449551,2909.673799,2575.347975,2516.951208,2473.973546,2135.158326,2031.377753,3041.353473,3937.793999,4407.109073,4556.564584,4817.960311,4361.517164,4715.075694,5847.986022,6388.307546,6031.215907,5487.5861,5178.268319,4687.381253,4262.56956,,
Zambia,ZMB,284.8526008,268.3403154,293.1415862,317.8942773,316.5295866,301.8463086,349.9051268,285.234832,271.7020689,278.8643662,310.6962876,310.508396,355.6583117,404.8205645,511.79981,697.0048002,716.5635419,955.8410586,839.7755839,981.1571464,1132.162005,1285.619629,1346.467393,1319.477631,998.9947737,966.6072915,,
Zimbabwe,ZWE,777.5903947,588.2132378,563.8358161,573.0692033,576.2418934,687.9288534,661.7568905,489.8603804,524.8683489,502.9391198,508.3484632,471.5450431,419.4907561,409.5487457,403.0743561,363.7851369,335.5356553,265.5032399,504.7842133,567.9713687,613.3711736,661.2531756,762.7751453,776.22471,755.7849639,750.4841653,,
